ID,Meta Title EN,Meta Description EN,Slug EN,Subtitle EN,Title EN,Ecxerpt EN,Intro Button EN,Meta Title DE,Meta Description DE,Slug DE,Pretitle DE,Title DE,Ecxerpt DE,Intro Button DE,Meta Title PL,Meta Desctription PL,Slug PL,Pretitle PL,Title PL,Ecxerpt PL,Intro Button PL,Meta Title RU,Meta Description RU,Slug RU,Pretitle RU,Title RU,Ecxerpt RU,Intro Button RU,Projects Title EN,Projects Title DE,Projects Title PL,Projects Title RU,Filter City,Filter Type,"Projects (slugs, comma)",TextStart EN,TextFirst EN,TextSecond EN,FAQ EN,TextStart DE,TextFirst DE,TextSecond DE,FAQ DE,TextStart PL,TextFirst PL,TextSecond PL,FAQ PL,TextStart RU,TextFirst RU,TextSecond RU,FAQ RU,Preview Image,Parent EN,Parent DE,Parent PL,Parent RU
id,seo_metaTitle_en,seo_metaDescription_en,slug_en,landingIntro_subtitle_en,landingIntro_title_en,landingIntro_desc_en,landingIntro_button_en,seo_metaTitle_de,seo_metaDescription_de,slug_de,landingIntro_subtitle_de,landingIntro_title_de,landingIntro_desc_de,landingIntro_button_de,seo_metaTitle_pl,seo_metaDescription_pl,slug_pl,landingIntro_subtitle_pl,landingIntro_title_pl,landingIntro_desc_pl,landingIntro_button_pl,seo_metaTitle_ru,seo_metaDescription_ru,slug_ru,landingIntro_subtitle_ru,landingIntro_title_ru,landingIntro_desc_ru,landingIntro_button_ru,landingProjects_title_en,landingProjects_title_de,landingProjects_title_pl,landingProjects_title_ru,landingProjects_city,landingProjects_propertyType,landingProjects_projects_slugs,textStart_en,textFirst_en,textSecond_en,faq_en,textStart_de,textFirst_de,textSecond_de,faq_de,textStart_pl,textFirst_pl,textSecond_pl,faq_pl,textStart_ru,textFirst_ru,textSecond_ru,faq_ru,previewImage_path,parent_en,parent_de,parent_pl,parent_ru
new-homes-in-cyprus-for-sale,New Homes in Cyprus for Sale – Buy Direct from Developers,"Explore new homes in Cyprus for sale. Buy apartments and houses in new buildings with no agency fees. Exclusive properties, direct sales, investment options.",new-homes-in-cyprus-for-sale,Exclusive Properties,New Homes in Cyprus for Sale,"Discover new homes in Cyprus for sale directly from developers. Choose modern apartments and houses in top locations — no agency commission, transparent process, and exclusive properties.",Buy property,,,,,,,,,,,,,,,,,,,,,,List of New Homes in Cyprus,,,,,,"armonia-beach,orion-villas-domenica,adonis-beach-villas,atrium-townhouses,zelemenos-mansion,trees-villas-inex,el-pez,royal-bay-resort,mesoyi-residences-domenica,aquila-villas-domenica,villas-cap-st-georges-resort,villa-superior-aristo,osmia-bee-home,davanti-mare,the-gallery,ouaros-villas-island-blue,panorama-hills,skyline-villas-imperio,sea-caves-villas,coral-seas,akakia-villas","At Cyprus VIP Estates we specialize in new homes in Cyprus for sale, offering a curated selection of premium new houses and apartments across Cyprus’s most desirable coastal cities. Whether you are looking to buy an apartment in a new building in Cyprus or invest in a contemporary villa, we provide direct access to developers — no agency commission, no hidden costs, and full support throughout the purchase process.

Our portfolio of new homes in Cyprus includes luxury apartments with sea views, modern houses in gated communities, and investment-ready properties in thriving urban locations. We work closely with reputable developers to ensure top quality, excellent design, and competitive pricing.","## Benefits of Buying New Homes in Cyprus

Cyprus is one of the fastest-growing markets in the Mediterranean, attracting international buyers from Europe, the UK, the Middle East, Israel, the USA, and beyond. Investing in new houses for sale in Cyprus means benefit from:

- Modern construction standards and energy-efficient design
- Prime locations near beaches, marinas, and city centers
- Flexible payment plans from developers
- Strong rental demand for investment properties
- Stable property market with long-term growth potential

With Cyprus VIP Estates, you can explore a wide range of properties built to modern standards and designed for contemporary living.

## Direct Sales with No Fee

One of the greatest advantages of buying new homes in Cyprus for sale through our company is that you pay zero agency commission. We connect buyers directly with developers, which means:

- You do not pay any extra agent fees
- All pricing is transparent
- There are no hidden charges
- You get professional assistance with contracts, legal checks, and financial planning

This approach ensures that you get the best possible price for your new property, whether it’s a luxury apartment or a modern house.

## Key Cities and Regions to Find New Homes in Cyprus

We offer new homes in Cyprus for sale in the most sought-after cities and regions, including:

### New houses and apartments in Paphos

A coastal city with rich history, excellent climate, and strong rental demand. Ideal for both primary residence and investment.

### Modern new homes in Limassol

A vibrant city with luxury lifestyle, business growth, and stunning beaches. Perfect for high-end buyers and investors.

### New buildings in Larnaca

Known for its international airport, relaxed atmosphere, and growing property market. A great choice for families and retirees.

Each location offers unique advantages, from seaside living to urban amenities and easy access to international transport.","## Types of New Homes in Cyprus for Sale

Whether you’re searching for new apartments or new houses for sale in Cyprus, we have options to suit every lifestyle and budget:

### Luxury Apartments in New Buildings

- Sea-view balconies
- Modern interiors
- Smart home features
- Shared amenities such as gym, pool, and garden

### Contemporary Houses and Villas

- Spacious layouts
- Private gardens and pools
- Gated communities
- High-quality finishes

### Investment Properties

High rental yield potential
Popular tourist areas
Excellent resale prospects

## How to Buy New Homes in Cyprus

Buying property abroad can be complex, but our team makes it simple. When you decide to buy an apartment in a new building in Cyprus or invest in a house, we assist you with:

- Personalized consultation
- Selection of properties according to your budget and preferences
- Viewing arrangements (in person or virtual tours)
- Contract negotiation directly with developers
- Legal support and due diligence
- Assistance with payments and residency procedures (if applicable)

Our goal is to ensure your experience is secure, transparent, and satisfying.

## Secure Your New Home in Cyprus Today

If you are ready to explore new homes, now is the perfect time to invest in modern, high-quality properties in one of the Mediterranean’s most desirable destinations. With Cyprus VIP Estates, you get:

- Direct deals with developers
- No commission or extra fees
- Full support from selection to closing

Contact us today to start your search for the perfect new home in Cyprus — whether it’s a stylish apartment, a luxury house, or a rewarding investment asset.","What types of new homes are available in Cyprus? :: You can choose from luxury apartments, modern townhouses, contemporary villas, and investment-oriented properties in major cities and coastal regions.
$Can international buyers purchase property in Cyprus? :: Yes, buyers from Europe, the UK, Middle East, CIS countries, China, and the USA can purchase real estate with full legal support.
$Do I pay commission when buying a property through Cyprus VIP Estates? :: No — we work directly with developers, so you pay zero agency commission.
$Is buying a new home in Cyprus a good investment? :: Cyprus offers strong rental demand, stable property prices, and long-term growth potential, making it attractive for investors.
$Can I buy property remotely? :: Yes — we offer virtual tours, digital documentation, and remote purchasing options.
$What locations offer the best new homes in Cyprus? :: Paphos, Limassol, and Larnaca are among the most popular for new developments.",,,,,,,,,,,,,images/projects-1602-villa.jpg,,,,
beach-villas-for-sale-cyprus,"Beach Villas for Sale in Cyprus – Luxury Seaside Homes, No Buyer’s Fee",Explore beach villas for sale in Cyprus. Buy directly from trusted developers with no additional buyer’s fee. Exclusive coastal homes and new projects by the Mediterranean.,beach-villas-for-sale-cyprus,Exclusive Villas,Beach Villas for Sale in Cyprus,Discover exclusive beach villas for sale in Cyprus. Work directly with trusted developers through our marketing network — no additional buyer’s fee and full support from inquiry to handover.,Buy property,,,,,,,,,,,,,,,,,,,,,,List of Beach Villas,,,,,,"beachside-villas-pafilia,sunset-view-villas,seascape-villas,maniki-beach-villas,blue-horizon-villa-quality-homes,davanti-mare,pearl-sea-caves-villa-10-island-blue,iasonas-beach-villas,coral-seas,coral-bay-villas,morea-residences-inex,rosemarine-residences-aristo,armonia-beach,kueuenal-villas,westlight-villas,bluvia-residences-island-blue,soho-resort,mare-residence-domenica,artemis-villas-domenica,sapphire-island-blue,thalassa-residences,el-pez,baia-villas,fremont-bbf,ace-bbf,limassol-blu-marine,one-pafilia,limassol-del-mar,eden-roc-bbf,verde-bbf,sense-bbf,capri-bbf,synergy-bbf","At Cyprus VIP Estates, we connect international buyers with exclusive beach villas for sale in Cyprus, offered directly by reputable developers. Our company acts as a marketing partner for leading property developers, not as a traditional real estate agency.

When you purchase through us, you deal directly with the developer — you don’t pay any additional buyer’s or marketing fee. Our goal is to make your property journey smooth, transparent, and rewarding, whether you’re buying for personal use or investment.

Our carefully selected collection includes luxury beachfront villas that combine Mediterranean architecture, modern technology, and direct sea access — ideal for those seeking the perfect balance between elegance, comfort, and profitability.","## Why Choose Beach Villas for Sale in Cyprus – Mediterranean Lifestyle Meets Investment Potential

Cyprus offers one of the most attractive coastal real estate markets in the Mediterranean region.
Buying a beach villa in Cyprus allows you to enjoy a premium lifestyle and a stable investment environment supported by EU legislation.

Top reasons to consider beach villas in Cyprus:

- 300+ sunny days each year
- Direct access to the Mediterranean Sea
- Strong demand for luxury rentals
- Transparent legal and property systems

## Strategic location connecting Europe, Asia, and the Middle East

From sandy beaches to modern marinas, Cyprus combines the charm of island life with international convenience — making it a perfect destination for both living and investing.

## Direct Collaboration with Developers – No Additional Buyer’s Fee

- Unlike traditional real estate agencies, Cyprus VIP Estates works as a marketing partner of verified developers.
- That means you can explore beach villas for sale in Cyprus without paying any additional buyer’s or marketing fee.

Here’s what you can expect when working with us:

Direct communication with developers – we introduce you to the project owners
Transparent pricing – all prices come straight from the developer’s sales list
No hidden fees – the price you see is the price you pay
Full support – from inquiry to signing, legal checks, and after-sales service

This approach ensures that every client receives honest information, competitive pricing, and professional assistance without unnecessary costs.

## Top Locations for Beach Villas in Cyprus

Cyprus’s coastline offers diverse locations for beachfront living, from lively cosmopolitan cities to peaceful resort towns.

### Limassol – The Heart of Luxury Living

Limassol is known for its upscale lifestyle, fine dining, and cultural scene. Beach villas here offer modern architecture, private pools, and direct sea views — ideal for those who appreciate sophistication and convenience.

### Paphos – Heritage and Harmony by the Sea

Paphos combines ancient charm with modern comfort. Its beach villas often feature large plots, private gardens, and stunning coastal panoramas — perfect for a serene Mediterranean lifestyle.

### Larnaca – Calm Coastal Charm

Larnaca offers authentic Cypriot living with easy access to the airport and new infrastructure developments. Beachfront villas here are excellent for families or retirees seeking peaceful seaside living.","## Features of Modern Beach Villas for Sale in Cyprus

Our collection of new beach villas includes high-quality properties built to European standards and designed for maximum comfort.

Common features include:

- Private access to the beach or sea views
- Infinity pools and landscaped gardens
- Open-plan interiors and panoramic terraces
- Smart home systems and eco-friendly design
- Secure gated communities

Every villa is a combination of luxury, technology, and lifestyle — designed for those who value both beauty and functionality.

## Investing in Beach Villas – A Secure and Rewarding Choice

Buying a beach villa in Cyprus is not just a lifestyle decision — it’s a smart financial investment. The island continues to attract high-net-worth individuals, expats, and investors, leading to steady growth in property demand and value.

### Investment benefits include:

- High potential rental returns (short-term and long-term)
- Capital appreciation as coastal land becomes limited
- Access to the Cyprus Permanent Residency Program (for qualifying buyers)
- Tax advantages for foreign residents

With ongoing infrastructure projects and strong tourism performance, beachfront properties remain among the most stable and profitable segments of the Cypriot real estate market.

## Your Buying Journey – How We Support You Step by Step

When you decide to explore beach villas for sale in Cyprus, our team at Cyprus VIP Estates ensures full guidance through every stage:

- Consultation – We understand your goals, preferences, and investment needs.
- Property Selection – You receive a curated list of suitable villas directly from developers.
- Viewing Options – Visit in person or join virtual tours.
- Legal and Financial Assistance – We connect you with experienced partners for due diligence and purchase documentation.
- Contract and Handover – The process is transparent and developer-led, with no additional buyer’s fee.

Our multilingual team provides continuous support in English, German, Russian, Polish, and other languages to ensure a comfortable and professional experience.

## Find Your Ideal Beach Villa in Cyprus

Owning a beach villa in Cyprus means embracing a Mediterranean lifestyle filled with sunlight, sea, and serenity.

Through Cyprus VIP Estates, you get direct access to verified developers, full transparency, and no additional buyer’s fees.

Whether you’re searching for a private seaside retreat or a profitable investment, our team will guide you every step of the way.

Start your journey today — explore beach villas for sale in Cyprus and find the perfect home by the sea.","Can foreigners buy beachfront property in Cyprus? :: Yes, international buyers can legally own property in Cyprus. The process is straightforward and fully regulated by EU law.
$Do I pay any fee to Cyprus VIP Estates? :: No. We are a marketing agency representing developers — there’s no additional buyer’s or marketing fee.
$Which areas offer the best beach villas? :: Limassol, Paphos, and Larnaca are among the most popular destinations for high-end beachfront homes.
$Are the villas brand-new or resale? :: All properties featured on our platform are new developments or off-plan projects from trusted developers.
$Can I buy a villa remotely? :: Yes, we facilitate virtual viewings, online documentation, and remote purchasing support.
$Do beach villas in Cyprus generate good rental income? :: Yes. Premium coastal locations attract strong seasonal and long-term demand, ensuring stable returns.",,,,,,,,,,,,,images/projects-1602-villa.jpg,,,,
homes-for-sale-in-limassol,Homes for Sale in Limassol – New Houses & First Class Living,"Explore homes for sale in Limassol, including new houses and first class homes. Buy quality properties in Limassol with direct access to developers — no extra buyer fees.",homes-for-sale-in-limassol,Premium Properties,Homes for Sale in Limassol,"Find homes for sale in Limassol, including modern new houses and first class homes. Direct access to developers through our marketing network — no additional buyer’s fee and full support from inquiry to purchase.",Buy a home,,,,,,,,,,,,,,,,,,,,,,List of Homes for Sale in Limassol,,,,Limassol,Villa,,"At Cyprus VIP Estates, we offer a curated selection of homes for sale in Limassol, from contemporary new houses to first class coastal homes and luxury residences. Limassol is one of Cyprus’s most sought-after cities for high-quality residential real estate — combining Mediterranean lifestyle, cosmopolitan amenities, dynamic investment potential, and easy access to Europe, the Middle East and beyond.

Whether you are looking for a peaceful family home, a stylish villa close to the beach, or a new house for sale in Limassol, our platform connects you with trusted developers. As a marketing agency working with leading property creators, we ensure a transparent and efficient buying experience — you pay no additional buyer’s fee and benefit from professional guidance at every step.","## Why Limassol is a Great Place to Buy a Home

Limassol is widely recognized as a prime destination for residential property due to its blend of modern developments and traditional Mediterranean charm. Buyers from Europe, the UK, the USA, Israel, the UAE, and beyond are attracted by its thriving social scene, high-end amenities, and strong rental demand.

Key advantages include:

- Beautiful coastline and year-round sunshine
- Excellent international connectivity
- High standards of construction quality
- Strong property market growth and stable prices
- Diverse choices of neighbourhoods — from central urban living to coastal and suburban settings

Limassol’s real estate market features everything from detached houses and villas to modern townhouses and luxury estates. Whether you’re seeking a full-time residence, a holiday home, or an investment property, there’s something here for every lifestyle.

## Contemporary Comfort & Style in Limassol's New Homes

Limassol’s new developments bring innovative design, efficient layouts, and quality craftsmanship. The market for new houses for sale in Limassol includes modern detached homes, spacious family villas, and properties in gated communities.

### Features commonly found in new houses:

- Open-plan living spaces
- Spacious outdoor areas and gardens
- Modern kitchens and amenities
- Energy-efficient building systems
- Close proximity to schools, beaches, and transport links

These homes are ideal for buyers who want move-in ready properties or the chance to personalise their space while enjoying contemporary design.

## First Class Homes in Limassol – Premium Residences & Luxury Living

For those seeking an elevated lifestyle, first class homes in Limassol offer exclusive design, premium materials, and exceptional locations — often with sea views, private gardens, or pools.

First class properties may include:

- High-end villas with panoramic sea views
- Spacious luxury homes in prestigious neighbourhoods
- Customised architectural finishes
- Private facilities such as wellness areas and landscaped gardens

These residences are perfect for discerning buyers who prioritise style, excellence, and long-term value.","## Variety of Options for Every Home's Buyer

The category homes Limassol covers a wide range of property types — from traditional detached houses and villas to modern townhouses and premium living spaces.

Property types you can explore:

- Detached houses and villas
- Semi-detached homes
- Townhouses
- First line residential estates
- Homes with large plots and private gardens

With thousands of listings available and continuously updated developments, buyers have the flexibility to choose based on budget, size, and lifestyle needs.

## Our Process to Buying Homes in Limassol

Cyprus VIP Estates supports international buyers throughout the purchasing journey, offering clarity and personalised service from start to finish:

- Initial Consultation – Define your goals, lifestyle needs, and budget.
- Property Selection – Get a tailored list of homes matching your criteria.
- Viewings – Option for in-person tours or virtual walkthroughs.
- Developer Engagement – Direct communication and transparent pricing.
- Purchase Assistance – Legal and administrative support for contracts.
- Finalisation & Handover – Smooth ownership transfer without extra buyer fees.

Our marketing network connects you directly with developers, ensuring you receive real and current property opportunities without paying additional buyer charges.

## Your Next Home in Limassol Awaits

Limassol combines Mediterranean beauty, modern lifestyle, and exceptional real estate opportunities. Whether you’re interested in homes for sale in Limassol, new houses in Limassol, or first class homes, our marketing network offers direct connections to verified developers — with no additional buyer’s fee.

Start your property journey with Cyprus VIP Estates today and discover the best homes Limassol has to offer — from contemporary family houses to premium luxury residences.","What types of homes for sale are available in Limassol? :: Limassol offers a wide range of homes including new houses, classic villas, townhouses, and first class residences.
$Is Limassol suitable for international buyers? :: Yes — international buyers can legally purchase property, supported by a transparent and secure legal framework.
$Do I pay any fee to Cyprus VIP Estates? :: No — as a marketing agency, we connect you with developers without charging an extra buyer’s fee.
$Can I buy homes Limassol remotely? :: Yes, virtual tours and digital communication allow remote buyers to explore and secure homes easily.
$Are new houses in Limassol good investments? :: Limassol’s market has shown consistent price growth and strong demand, making new homes a valuable investment.
$Where in Limassol are first class homes located? :: Prestigious neighbourhoods include coastal districts and established residential zones close to international schools and amenities.",,,,,,,,,,,,,images/projects-1602-villa.jpg,,,,
2-bedroom-apartments-for-sale-limassol,2 Bedroom Apartments for Sale in Limassol – Spacious Modern Flats,Explore 2 bedroom apartments for sale in Limassol. Modern flats in prime locations with direct developer access and no extra buyer fees through our marketing network.,2-bedroom-apartments-for-sale-limassol,Stylish Flats,2 Bedroom Apartments for Sale in Limassol,Discover spacious and contemporary 2 bedroom apartments for sale in Limassol. Access quality flats through our direct developer network — no additional buyer fees and full support from inquiry to acquisition.,Buy a Flat,,,,,,,,,,,,,,,,,,,,,,List of 2 Bedroom Apartments in Limassol,,,,,,"silicon-park-imperio,limassol-park,glow-bbf,portal-sol,golfside-bbf,germasogeia-view-2-island-blue,ace-bbf,the-lake-view-bbf,portside-imperio,skyline-apartments-imperio,flow-bbf,vision-bbf,life-bbf,cypress-groove-bbf,azalea-apartments,spirit-bbf,verde-bbf,sense-bbf,rosa-dei-venti-bbf,etoile-residences,rise-bbf,vos-residences,limassol-blu-marine,limassol-del-mar,capri-bbf,one-pafilia,eden-roc-bbf","At Cyprus VIP Estates, we offer a carefully curated portfolio of 2 bedroom apartments for sale in Limassol, showcasing modern flats in desirable urban and coastal locations. Limassol has become one of Cyprus’s most dynamic property markets, attracting international buyers from Europe, the UK, the Middle East, CIS countries, China, and beyond. Whether you are seeking a contemporary city residence, a holiday home close to the beach, or an investment property, our selection of 2 bedroom living spaces delivers excellent value, comfort, and long-term potential.

We operate as a marketing partner for trusted developers, connecting you directly with project owners and builders. This means when you choose to pursue a property through our network, you don’t incur any additional buyer’s or marketing fee — you benefit from transparent pricing, professional guidance, and full support throughout the process.","## Why Choose 2 Bedroom Apartments in Limassol

Limassol combines vibrant city life with Mediterranean charm, making it an ideal location for comfortable, modern apartment living. A two-bedroom flat in Limassol offers the perfect balance of space, flexibility, and lifestyle advantages — suitable for couples, small families, retirees, or investors seeking rental income.

Key benefits of choosing 2 bedroom apartments here include:

- Central and coastal locations, often within walking distance of amenities
- Modern design and efficient layouts suited to everyday life
- Strong rental demand due to Limassol’s business and tourism growth
- Excellent infrastructure, including international schools, healthcare, and transport
- Value stability and growth potential within a key Mediterranean city

Limassol’s real estate market continues to outperform many comparable European destinations, making well-located flats a sound choice for both resident buyers and investors alike.

## Types of 2 Bedroom Living Spaces You Can Find

Our listings of 2 bedroom apartments for sale in Limassol include a variety of property types, each designed to match different preferences and budgets.

### Contemporary Urban Flats

Modern apartments located in Limassol’s city centre or close to key services and entertainment hubs. These units are ideal for those who want vibrant living with easy access to city conveniences.

### Seafront and Coastal Residences

Flats set near the Mediterranean coastline, offering sea views, outdoor terraces, and proximity to beaches. These are perfect for holiday homes or long-term living by the water.

### New Build Developments

Brand-new construction projects with modern finishes, energy-efficient systems, smart home features, and communal amenities such as gardens, gyms, and parking.

### Investment-Ready Flats

Properties designed to attract high rental yields, located near universities, business districts, or tourist hotspots — giving investors strong rental appeal.

Each apartment features well-planned layouts, quality interiors, and thoughtful design, ensuring that every living space is not just a house, but a home.","## How We Support Your Purchase of a 2 Bedroom Flat in Limassol

Buying property abroad can be complex, but our team simplifies every step:

- Initial Consultation – We discuss your goals, preferred neighbourhoods, and budget.
- Property Matching – You receive a tailored list of suitable apartments directly from developers.
- Viewings & Virtual Tours – Options for in-person visits or online walkthroughs.
- Transparent Pricing – All prices are provided by developers with no hidden charges.
- Legal and Administrative Assistance – We connect you with experienced partners for due diligence and contracts.
- Closing & Handover – We ensure a smooth finalisation process with support at every stage.

Our multilingual team is ready to assist clients in English, German, Russian, Polish, and other languages to ensure clarity, comfort, and confidence in your property journey.

## Your Ideal 2 Bedroom Apartment Awaits

Limassol continues to attract buyers seeking a balanced Mediterranean lifestyle, strong investment potential, and world-class amenities. If you are looking for 2 bedroom apartments for sale in Limassol — whether as your permanent home, holiday retreat, or rental investment — our marketing network connects you directly with trusted developers, offering transparent pricing and no additional buyer’s fees.

Start your journey today with Cyprus VIP Estates and explore the best 2 bedroom flats in Limassol — comfortable, modern, and designed to meet your lifestyle and financial goals.","What types of 2 bedroom apartments are available in Limassol? :: Limassol offers a range of 2 bedroom flats — from city centre apartments to seafront residences and new build developments. You can find options suited for personal living, holiday homes, or investment purposes.
$Is Limassol a good location for buying a 2 bedroom flat? :: Yes. Limassol is a thriving hub with strong infrastructure, growing international appeal, and high demand for residential properties, making it attractive for both residents and investors.
$Do I have to pay extra fees when buying through Cyprus VIP Estates? :: No. As a marketing agency working with developers, we do not charge any additional buyer’s or marketing fee. You pay the price set by the developer, with support from our team.
$Can international buyers purchase apartments in Limassol? :: Absolutely. Buyers from the EU, UK, Middle East, USA, CIS, and other regions can legally acquire property in Cyprus. We provide guidance to international purchasers throughout the process.
$Are 2 bedroom flats good for rental investment? :: Yes. Due to Limassol’s strong rental market for professionals, students, and families, well-located 2 bedroom apartments can generate solid rental returns and long-term value growth.
$Can I complete the purchase remotely? :: Yes. We facilitate virtual tours, digital communication with developers, and secure processes that enable remote buyers to proceed with confidence.
$What amenities are typically included in these apartments? :: Many modern 2 bedroom flats include features such as fitted kitchens, balconies or terraces, parking spaces, communal gardens, and access to shared facilities like gyms and pools in larger developments.
$Are new build flats more expensive than older apartments? :: New build apartments often command a premium due to modern designs, energy efficiency, and contemporary amenities. However, they also tend to offer better long-term value and appeal.",,,,,,,,,,,,,images/projects-1602.jpg,,,,
2-bedroom-apartments-in-paphos,2 Bedroom Apartments in Paphos Cyprus – Stylish Flats for Sale,"Explore 2 bedroom apartments in Paphos, Cyprus for sale. Modern flats and coastal living spaces with direct developer access — no extra buyer’s fees through our network.",2-bedroom-apartments-in-paphos,Stylish Flats,2 Bedroom Apartments in Paphos for Sale,"Discover a range of 2 bedroom apartments in Paphos, Cyprus — from modern city flats to coastal residences. Access quality listings through our direct developer network with no additional buyer’s fee.",Buy an Apartment,,,,,,,,,,,,,,,,,,,,,,List of 2 Bedroom Apartments in Paphos,,,,,,"royal-bay-resort,soho-resort,minthis-lofos-apartnents-pafilia,minthis-resort-apartments-pafilia,bluvia-residences-island-blue,tress,trees-apartments-inex,city-landmark-vllas-in-cyprus,twins-apartments,celestia-island-blue,infinity,quatrro,victoria-suites,lazzero-park,qube-inex,galaxy-residences-aristo,uno-reiwa,akropolis-275,vista-gardens-quality-homes,begonia-residences-aristo,nova-reiwa,avrora-court-aristo,pearl-park-aristo,venus-gardens,panorama-apartments,noble-apartments,avalon-gardens-island-blue,eniko-mare-domenica,horizon-quality-homes,paphos-suites-island-blue,andriana-court-aristo,konia-aura-domenica,cirvis-domenica,pafilia-plaza-pafilia,coral-gardens,atrium-apartments,la-bella-domenica,akakia-residences-island-blue,cypress-park,adonidos-gardens,emerald-park-luma,luma-genesis,arie-x","Welcome to Cyprus VIP Estates’ curated selection of 2 bedroom apartments in Paphos, Cyprus — designed for buyers who value comfort, contemporary design, and excellent lifestyle potential. Whether you are looking for a 2 bedroom apartment for sale in Paphos as a permanent residence, a holiday home, or an investment, our platform connects you directly with trusted developers. Because we operate as a marketing agency and not a traditional real estate brokerage, you pay no extra buyer’s or agency fee — the price you see is the developer’s price.

Paphos is widely recognised for its combination of historic charm, beautiful coastline, and modern infrastructure, making it one of Cyprus’s most appealing destinations for property buyers from Europe, the UK, the Middle East, CIS countries, China, and beyond.","## Why Buy 2 Bedroom Apartments in Paphos, Cyprus

Living in Paphos means enjoying a Mediterranean lifestyle with excellent amenities and year-round sunshine. For many buyers, a 2 bedroom flat in Paphos Cyprus for sale represents the perfect blend of:

- Spacious living — two-bedroom layouts are ideal for couples, small families, retirees, or investors
- Coastal accessibility — many apartments are within walking distance of beaches and promenades
- Modern infrastructure — international schools, healthcare, and transport links
- Strong rental appeal — attractive for long-term and holiday rentals
- Cultural richness — UNESCO heritage sites, museums, and local gastronomy

The city’s blend of tranquillity and vibrant community life makes it equally suited for year-round residents and seasonal visitors.

## Types of 2 Bedroom Flats for Sale in Paphos

Our selection of 2 bedroom apartments for sale in Paphos includes a variety of property types, each offering its own advantages:

### Modern Urban Flats

Located in central or developing neighbourhoods, these contemporary apartments feature efficient layouts, quality finishes, and proximity to shops, cafés, and services. They are perfect for everyday living and come with practical amenities.

### Coastal & Sea-View Apartments

Flats near the coast offer stunning sea views, outdoor terraces, and easy access to waterfront promenades. These units are often popular as holiday homes or lifestyle properties for buyers who want to enjoy Paphos’s scenic beauty.

### New Build Developments

Brand-new apartments in modern complexes are designed with energy-efficient systems, contemporary interiors, and shared amenities such as gardens, parking, and security. These properties are appealing for buyers seeking a turnkey solution.

### Investment-Oriented Flats

Some 2 bedroom apartments are ideal for investment portfolios due to their location near business hubs, tourist attractions, or amenities that attract quality tenants and deliver stable rental returns.

Each category prioritises thoughtful design, quality construction, and practical living spaces to match diverse needs and budgets.","## How We Help You Buy a 2 Bed Apartment in Paphos

Buying property in a foreign country can be complex, but Cyprus VIP Estates simplifies every step of the process:

- Initial Consultation – We learn your property goals, budget, and lifestyle preferences.
- Property Selection – A tailored list of suitable 2 bedroom apartments is prepared based on your criteria.
- Viewings & Virtual Tours – Options include in-person visits or detailed online walkthroughs.
- Direct Developer Contact – Transparent pricing and communication with project owners.
- Legal and Administrative Support – We connect you with experienced partners to handle due diligence, contracts, and documentation.
- Finalisation & Handover – Smooth transition from reservation to ownership — with no additional buyer’s fees.

Our multilingual support (English, German, Russian, Polish, and others) ensures clarity and confidence throughout your property journey.

## Find Your Ideal 2 Bedroom Apartment in Paphos

Exploring 2 bedroom apartments in Paphos, Cyprus opens the door to a comfortable Mediterranean lifestyle, strong investment opportunities, and a welcoming community. Whether you are considering your next home, a holiday retreat, or a rental property, our marketing network offers direct access to trusted developers — with no additional buyer’s fees and professional support at every stage.

Start your property journey with Cyprus VIP Estates today and discover the best 2 bed apartments in Paphos Cyprus for sale — beautifully designed, strategically located, and ready for your future.","What types of 2 bedroom apartments are available in Paphos? :: You can find modern urban flats, newly built complexes, sea-view apartments, and investment-oriented properties — all designed to meet a range of lifestyle and financial goals.
$Is Paphos a good place to live year-round? :: Yes. Paphos offers a pleasant Mediterranean climate, strong infrastructure, cultural attractions, and a welcoming environment — ideal for both permanent residents and seasonal visitors.
$Do buyers pay additional fees to Cyprus VIP Estates? :: No. As a marketing agency representing developers, we do not charge extra buyer’s or marketing fees. You pay the developer’s price directly.
$Can foreigners buy apartments in Paphos? :: Absolutely. International buyers from Europe, UK, Middle East, CIS, China, and other regions can legally purchase property in Cyprus, supported by transparent legal procedures.
$Are 2 bedroom flats a good investment in Paphos? :: Yes. Due to strong rental demand and limited supply in prime areas, well-located 2 bedroom apartments can deliver strong rental returns and capital growth potential.
$How can I view apartments if I am abroad? :: We offer virtual tours and detailed video walkthroughs that allow you to explore properties remotely before making a decision.
$What amenities are typically included? :: Most modern apartments offer fitted kitchens, balconies or terraces, private parking, and access to communal features such as landscaped areas or secure entry.
$How long does it take to complete the purchase? :: Timelines vary by project and purchase stage, but with proper preparation and support, transactions typically complete within a few weeks to a few months — with full legal transparency.",,,,,,,,,,,,,images/projects-1602.jpg,,,,
west-coast-properties-paphos,West Coast Properties Paphos – Coastal Homes & Investment,"Explore west coast properties in Paphos. Find quality coastal homes, modern apartments and villas with direct developer access and no extra buyer fees through our network.",west-coast-properties-paphos,Exclusive Properties,West Coast Properties in Paphos for Sale,Discover west coast properties in Paphos — from seafront villas to modern apartments — through our developer network with no additional buyer’s fees and full support from inquiry to acquisition.,Buy a Property,,,,,,,,,,,,,,,,,,,,,,List of West Coast Properties in Paphos,,,,Paphos,,,"Welcome to Cyprus VIP Estates — your gateway to exceptional west coast properties in Paphos, Cyprus. This sought-after coastal region is renowned for its breathtaking Mediterranean views, relaxed lifestyle, and high-quality real estate opportunities. If you are considering a coastal home, an investment property, or a lifestyle upgrade, our curated selection connects you directly to trusted developers — with no extra buyer’s fee.

The west coast of Paphos stretches from the city’s historic harbour out towards serene beaches and countryside hills. It blends cultural richness, modern amenities, and picturesque seascapes, making it one of the island’s most appealing areas for international buyers from Europe, the UK, Israel, the UAE, China, CIS countries, and beyond.","## Why Choose West Coast Properties in Paphos

Investing in west coast properties paphos means securing a home or investment in a region that offers both traditional charm and contemporary comforts. Its coastal setting appeals to those seeking tranquillity without sacrificing accessibility.

Key reasons to consider this area include:

- Unrivalled coastal panoramas — sunsets over the Mediterranean
- Proximity to beaches, marinas and promenades
- Close access to historic Paphos town and amenities
- Growing demand for high-quality rentals
- Potential for long-term capital appreciation

The west coast appeals to retirees, holiday homeowners, and investors alike — all attracted by its blend of natural beauty, excellent infrastructure, and lifestyle appeal.

## Types of West Coast Properties You Can Explore

Our portfolio of west coast properties in Paphos features a variety of real estate options designed to suit different tastes, budgets, and purposes:

### Seafront & Beach-Adjacent Villas

Luxurious villas with direct access or close proximity to the coastline. These homes often feature panoramic sea views, private gardens, pools, and spacious outdoor areas — ideal for families or second homes.

### Modern Apartments & Flats

Stylish 1-, 2-, and 3-bedroom apartments in modern complexes, many with shared amenities such as parking, landscaped gardens, and secure entry. These units represent excellent options for coastal living with low maintenance.

### New Build Developments

Properties in newly completed or under-construction projects designed with contemporary standards, eco-friendly features, and modern layouts. These are attractive for buyers seeking a fresh start or future resale value.

### Investment-Driven Properties

Strategically located homes geared toward rental income and capital growth. These are often positioned near key attractions, business hubs, or amenities that support steady occupancy.

Whether you seek a seaside retreat, a permanent residence, or a rental-focused investment, the west coast of Paphos offers diverse opportunities.","## Discover the Lifestyle of West Coast Living in Paphos

The west coast of Paphos combines relaxed seaside living with convenient lifestyle features:

- Mediterranean beaches untouched by crowds
- Paphos Old Town and Harbour — culture, dining, and entertainment
- Walking trails, cycling paths and nature spots
- Proximity to international schools and transport links
- Access to shops, healthcare, and community amenities

This region perfectly suits international buyers looking for a balanced lifestyle — where peace, beauty, and connectivity coexist.

How We Support Your Purchase of West Coast Homes

Buying property abroad can be a complex journey, but Cyprus VIP Estates simplifies every step by connecting you directly to developers and supporting you from start to finish:

Initial Consultation – Discuss your goals, timeline, and budget.
Property Selection – Receive tailored west coast listings based on your preferences.
Viewings & Virtual Tours – Choose between in-person visits or online walkthroughs.
Direct Developer Engagement – Transparent pricing and communication.
Legal & Administrative Support – Experienced partners assist with due diligence and contracts.
Purchase Completion & Handover – Smooth process with no additional buyer’s fees.

Our multilingual support ensures clear communication and comfort throughout, whether you speak English, German, Russian, Polish, or other languages.

## Explore your West Coast Property Today

Whether you are seeking a tranquil seaside villa, a modern coastal apartment, or a solid investment property, the west coast of Paphos delivers a unique blend of lifestyle, beauty, and long-term potential. Through Cyprus VIP Estates, you gain direct access to trusted developers, transparent pricing, and no additional buyer’s fees — supported by professional guidance at every step.

Start your property search today and discover exceptional west coast properties in Paphos that match your goals and aspirations.","What kinds of west coast properties are available in Paphos? :: The west coast offers a range of homes — seafront villas, modern apartments, new developments, and investment-oriented properties suitable for families, retirees, holiday homeowners, and investors.
$Is the west coast of Paphos a good place to live year-round? :: Yes. Its mild Mediterranean climate, proximity to amenities, and vibrant local culture make it desirable for full-time residents as well as seasonal visitors.
$Do buyers pay any extra fees through Cyprus VIP Estates? :: No. Cyprus VIP Estates operates as a marketing agency representing developers — there are no additional buyer’s or marketing fees for you.
$Can international buyers invest in west coast properties in Paphos? :: Absolutely. Buyers from Europe, UK, Israel, UAE, China, and CIS regions can legally purchase property in Cyprus with professional guidance.
$Are west coast properties a good investment? :: Properties in this coastal region tend to have strong rental appeal and potential for appreciation due to limited beachfront supply and increasing demand from international buyers.
$Can I view properties remotely? :: Yes. We offer virtual tours, video walkthroughs, and remote consultations to help you explore options from anywhere in the world.
$Are new build properties more desirable than resale homes? :: New developments may offer modern design, energy efficiency, and contemporary amenities that attract long-term value and rental interest. Resale homes, however, may offer character or location advantages depending on the property.
$How long does the purchase process take? :: Times vary by project and buyer circumstances, but transactions typically complete within several weeks to a few months, depending on financing, documentation, and developer timelines.",,,,,,,,,,,,,images/projects-1602.jpg,,,,